timestamp_s,frame_id,contour_area_cm2,velocity_cm_s,flow_ml_s,flow_smooth,accumulated_volume_ml
0.0,0,0.0,0.0,0.0,9.219151272419108,0.0
0.033347680535628886,1,0.0,0.0,0.0,9.250839092911106,0.30849402675690646
0.06669536107125777,2,0.0,0.0,0.0,9.08117331785498,0.6113300934494114
0.10004304160688665,3,0.0,0.0,0.0,8.921670217866996,0.9088471017190745
0.13339072214251554,4,0.0,0.0,0.0,8.723531125590775,1.1997566308378906
0.16673840267814444,5,2.1109411476549487,5.084431746656987,8.94960036073954,8.524469079674518,1.484027902442723
0.2000860832137733,6,2.267002944563291,3.9827845655723477,7.5287693956332165,8.330542710163089,1.7618321794296534
0.2334337637494022,7,2.057551585554726,3.882283246439339,6.660748650833743,8.13839948925082,2.033228925668515
0.2667814442850311,8,2.221827161247718,5.421854210062652,10.044844140525653,8.091381692792776,2.3030577374516046
0.30012912482065995,9,2.895357021588986,6.068385698290469,14.650768127511748,8.424457389855268,2.5839938511745157
0.3334768053562889,10,4.324554530118017,5.095033937652209,18.37272413462684,8.92982179259962,2.881782695554225
0.36682448589191774,11,4.324554530118017,4.593286099246472,16.56341830212795,9.659983227850251,3.203920730216108
0.4001721664275466,12,6.698336598881753,4.4586015020661955,24.902945657525066,10.028276554220106,3.5383404930691773
0.4335198469631755,13,2.603767874733925,4.203533359345401,9.126449563602742,10.450295664086878,3.8868336143780144
0.4668675274988044,14,6.554595470150385,3.4162180578127526,18.671386665859952,10.830207927098645,4.247995928465335
0.5002152080344333,15,7.49918003038509,3.0035231161351916,18.781481802393724,11.32970751948621,4.625815395387274
0.5335628885700622,16,6.690122820097104,2.4407397033870932,13.615721260319294,11.619783566792202,5.013308225665811
0.566910569105691,17,2.706440109542045,2.297961155476989,5.1859246173627795,12.0391120295853,5.414784687561068
0.6002582496413199,18,3.909758701493212,2.3276641371370013,7.588489989985192,12.525349445879446,5.8324760394793715
0.6336059301769489,19,3.7167349000539462,2.510661517476206,7.780989817127839,13.226861597535677,6.27356119452297
0.6669536107125777,20,4.727029690565848,2.1137431867627035,8.33154695403036,14.07739099523293,6.743009532207136
0.7003012912482066,21,4.1767065119943245,1.9794374822445793,6.893834363095301,14.999897466656154,7.243221320992374
0.7336489717838355,22,5.725003812900775,1.7576982867030793,8.39083546233854,15.850892863558375,7.7718118324107985
0.7669966523194643,23,7.913975859009895,1.5122927978075706,9.97965896422703,17.202312802950992,8.345469064237566
0.8003443328550932,24,3.7783382409388184,1.5899445729677455,5.009194716507966,18.55903551990203,8.964369851804648
0.8336920133907222,25,4.665426349680976,1.268325934706234,4.934092718167446,19.797074453889504,9.624556366233016
0.867039693926351,26,3.22390817297497,1.328719545978862,3.5719147264090116,21.23573665567036,10.332718928165054
0.9003873744619799,27,3.01856370335873,1.2514015494977655,3.1497938399355587,22.28323899875381,11.075813263594563
0.9337350549976088,28,2.9405328049045587,1.182979917086372,2.9006043638430596,23.30884868579856,11.853109303221887
0.9670827355332376,29,2.480561192964181,1.24068993482008,2.5662460827950286,24.20447468611256,12.660272392587084
1.0004304160688666,30,6.5463816913657356,1.223897813766655,6.680847799051451,25.214569868408912,13.501119813402081
1.0337780966044954,31,18.016923764128908,1.2480471588173445,18.74980399879255,26.089426059592768,14.371141658995288
1.0671257771401244,32,28.317002360079513,1.0630825820312952,25.101482680418872,26.589286213052958,15.257832681298583
1.1004734576757533,33,33.44650721109319,1.2103368096373885,33.75531059112108,26.919938475051094,16.155550189603375
1.133821138211382,34,31.676437883001203,0.8537484359217066,22.55024965079518,27.36941815715728,17.06825680275429
1.167168818747011,35,30.892022009067166,0.9791072357499521,25.22096450942393,27.625034135020975,17.989487615874815
1.2005164992826398,36,20.76032587820188,1.4157017351823336,24.507049395522223,28.194269115444392,18.929701095272197
1.2338641798182688,37,23.487300434705546,1.5221629597560788,29.81119243782609,28.397947678538053,19.87670678232359
1.2672118603538978,38,18.969722103148264,1.4314679788396893,22.64267336441993,28.790395159251243,20.836799682588822
1.3005595408895265,39,23.803530917914557,1.4304860005079394,28.39292207851612,29.301455114750265,21.813935246984578
1.3339072214251555,40,29.273907588491195,1.309913656593014,31.974846097645187,30.191767497072014,22.820760664282922
1.3672549019607843,41,35.01944584835359,1.4379365302655287,41.98885981544127,30.98046337341474,23.853887259705303
1.4006025824964132,42,41.90259246988996,1.4252796686731581,49.79962569851757,31.931090986722797,24.918715081084635
1.4339502630320422,43,45.795923613813876,1.4315901186717808,54.667675737854765,32.887371223108374,26.01543263028949
1.467297943567671,44,50.05476791365469,1.2768897350156136,53.294690327255985,33.54443402815646,27.134061700008925
1.5006456241033,45,53.49634122442288,1.3633069869983694,60.81389727266794,34.13081437768409,28.272245194296787
1.5339933046389287,46,58.57656340272866,1.2499557151856517,61.05252226279655,34.832233555940824,29.43381939126271
1.5673409851745577,47,57.406099925916095,1.1638678681744585,55.71175202943642,35.67378524932442,30.623457385253815
1.6006886657101864,48,59.2952690463855,1.3093815221786624,64.73979908013854,36.485427031326,31.840161750100467
1.6340363462458154,49,58.026240224157135,0.9742221284337886,47.13760543875525,37.38832217230723,33.08697557366574
1.6673840267814444,50,59.50882729478639,1.1104555040419537,55.10203627775304,38.413668035757304,34.367982303523874
1.7007317073170731,51,52.53122221722655,1.091981773443511,47.831939409763386,39.35831803459461,35.68049091976121
1.734079387852702,52,55.1719520964914,1.1328164886864212,52.1150318541695,40.360888928660806,37.026432949888196
1.7674270683883309,53,52.21088484462522,1.1350065012327908,49.41337274379949,41.13865141977632,38.398311555101486
1.8007747489239598,54,48.27648480677806,0.922727554052123,37.14447503321997,41.50778721401792,39.78249998285542
1.8341224294595888,55,48.835021764134225,0.8165866630565759,33.25207592454313,41.566810002863285,41.168656683716094
1.8674701099952176,56,48.05881966898484,0.9180612131063041,36.790003996906194,41.17423730509362,42.541721995664524
1.9008177905308465,57,42.85539080890931,1.0187753050104698,36.40566466139157,40.93808149599547,43.90691205913453
1.9341654710664753,58,43.31946931024202,0.9618046868305845,34.74202368265636,40.67367732173627,45.26328485666904
1.9675131516021043,59,37.89426842298096,0.8809729833230959,27.836922005074868,40.2654693480393,46.606044865104614
2.0008608321377332,60,43.01966638460231,1.0158872811425048,36.44161843448728,39.894795360896445,47.936443755834084
2.034208512673362,61,40.44053984622233,1.0857710277773187,36.613419257774986,39.793964753709524,49.26348017968686
2.0675561932089908,62,46.44070524840887,1.168515580366046,45.24998182184145,39.620561783044955,50.584734016669984
2.10090387374462,63,46.57212570896326,1.1093346199993037,43.07980442540808,39.316635935833006,51.89585263159378
2.1342515542802487,64,46.75693573161788,1.2967890512802662,50.55923241599036,38.73997810578988,53.18774104542292
2.1675992348158775,65,47.23744179051988,1.3040333688279713,51.3641575913815,37.99179454935812,54.45467927303015
2.2009469153515067,66,32.99064248854514,1.3254415331907903,36.461660590259136,37.11606020106199,55.69241379135635
2.2342945958871354,67,29.931009891263162,1.3934696939149815,34.7779511910817,36.340076881202286,56.904271065830876
2.267642276422764,68,35.32335566338563,1.4104453486948783,41.54352198578026,35.460979841908724,58.08681249307922
2.300989956958393,69,33.442400321700866,1.537667104940856,42.87902091876955,34.76031918731517,59.24598851265429
2.334337637494022,70,34.35002287740465,1.4474245597685407,41.45797290823863,34.37481178366047,60.392308754488184
2.367685318029651,71,39.951820008535684,1.3268510819294446,44.20219607056421,33.74683140764537,61.51768730736006
2.4010329985652796,72,41.10174903838663,1.4381910152472475,49.290357695189215,33.463975986027826,62.63363328799407
2.434380679100909,73,40.68284632036949,1.3386088226491035,45.40985431152176,32.87848239140218,63.730054415278865
2.4677283596365376,74,40.14073692058262,1.4245688602073519,47.681936315773946,32.46197424637661,64.81258596200284
2.5010760401721663,75,40.30090560688329,1.2403078023745837,41.68015989924956,31.91656004419282,65.8769292101528
2.5344237207077955,76,41.01961125054013,1.0338245846136642,35.360914739663976,31.550005355902865,66.92904870965883
2.5677714012434243,77,42.56790855144658,0.782011371224611,27.757508178460593,31.574426253783358,67.98198258946577
2.601119081779053,78,35.24943165432378,0.5474020148547903,16.089539191486143,31.624580880622737,69.03658900974594
2.634466762314682,79,33.232948962692305,0.4302691869276654,11.923238241378458,31.722073070730442,70.09444656843652
2.667814442850311,80,34.06664750933424,0.46900800533036646,13.322776667760152,31.811560878970003,71.15528833796813
2.7011621233859398,81,29.454610721753486,0.24990020231864724,6.137690579158053,31.789978224092668,72.21541037601976
2.7345098039215685,82,25.37236266578263,0.620650721963187,13.130863016397987,32.18746362672567,73.28878763029599
2.7678574844571977,83,26.230702548778513,0.8277717720700757,18.105296041008387,33.033620628779275,74.39038225795969
2.8012051649928265,84,27.138325104482295,0.9098792212640864,20.589788398610533,33.17936083918129,75.49683698360106
2.834552845528455,85,22.99447370762657,0.9543318025679173,18.298182973107274,33.06806693265033,76.59958031560187
2.8679005260640844,86,26.16499231850132,0.735154384711581,16.039257463500984,33.30041797877811,77.71007201606109
2.901248206599713,87,28.686622405388746,0.6743830147009717,16.131365659088274,33.41153310569988,78.82426914827555
2.934595887135342,88,23.861027369407104,0.7669548021088912,15.2596300645291,33.8289601828465,79.95238650530561
2.9679435676709707,89,25.828227388330685,0.8532141956481811,18.37544093356908,34.40082131042985,81.09957410452907
3.0012912482066,90,26.63728459861867,0.9569218473627622,21.254530504457858,34.81866634406297,82.26069586644755
3.0346389287422286,91,37.24127300960131,0.9507094818048976,29.5227928060863,34.563698329510714,83.41331503646991
3.0679866092778574,92,41.08532148081733,1.1198276302958121,38.363918864974956,34.32763349111094,84.55806199167563
3.1013342898134866,93,39.126335240678394,1.1181721820013024,36.48068215945901,34.44390093167314,85.70668619634593
3.1346819703491153,94,41.42208641098796,0.9962226061865853,34.40911146596615,34.17755863464201,86.84642850318168
3.168029650884744,95,38.52262250000665,0.8951787853325223,28.754824519598817,34.22003844852218,87.98758741327994
3.201377331420373,96,45.26202799281165,0.7707451056383289,29.089072883612932,34.5535060370618,89.1398666939898
3.234725011956002,97,43.43035532383479,0.7613427684047819,27.57139275589869,34.76662555781364,90.2992530163936
3.268072692491631,98,44.95401128838729,0.8781836108579741,32.918411770751476,35.08352210461176,91.46920710360287
3.3014203730272595,99,48.74056330811076,0.9409813843560505,38.24341543784212,35.33129737981465,92.64742392153423
3.3347680535628887,100,47.077273104219216,0.9045705932701993,35.50903413231511,35.74819112745596,93.83954317897924
3.3681157340985175,101,41.442620857949585,1.1915821898229688,41.17715255175308,37.096619313145304,95.07662938878585
3.4014634146341463,102,42.116150718290854,1.1513253709341527,40.43261603217172,37.95690018194368,96.34240397017605
3.4348110951697755,103,41.742423783589295,0.9702388148115962,33.770804213176426,38.99885577941407,97.64292535396302
3.468158775705404,104,49.488017177513875,1.1080435663364785,45.72376512356003,40.315827555679874,98.98736469181934
3.501506456241033,105,73.3531514363133,1.2183197977876639,74.51868352689944,41.32385872676668,100.36541953113901
3.5348541367766617,106,45.13882131104191,1.1470018800607766,43.17172872586568,42.77450670697924,101.79185011587246
3.568201817312291,107,45.598792922982284,1.0583723420211568,40.24175602794835,44.16994374591175,103.26481528918784
3.6015494978479197,108,55.93583352346381,1.1478033214656482,53.53560150115783,45.33691563688759,104.77669626831752
3.6348971783835484,109,60.26860183236648,1.1055577615707464,55.55941312747019,46.56403988608872,106.32949899488709
3.6682448589191776,110,78.54836651760418,1.071014543593893,70.14837606297948,47.80774185985161,107.92377629755924
3.7015925394548064,111,77.76395064367014,0.9591685561176627,62.19541133150955,48.93173286024036,109.55553609303726
3.734940219990435,112,77.05756566819028,0.8338928567322061,53.58097770457223,50.05829862117381,111.22486424361327
3.7682879005260643,113,50.62973242858017,0.712265882344028,30.06996133092886,51.05338791189072,112.92737631396055
3.801635581061693,114,51.74269945390019,0.7476145104603503,32.25610319077943,51.981634326850774,114.66084324921225
3.834983261597322,115,74.67967671003422,0.7497844363499835,46.690007733537925,52.685106859314956,116.41776936174215
3.8683309421329506,116,45.35648644883512,0.851839555575065,32.21679270416342,53.59913909719231,118.20517632934005
3.90167862266858,117,50.65848065432644,1.2121301107132114,51.20194931979687,54.68748006796135,120.02887694394501
3.9350263032042085,118,51.373079408590954,1.4103617622845877,60.415895795804495,55.901471859760804,121.89306136899575
3.9683739837398373,119,51.69341678119229,1.328692250804184,57.27231474960694,57.1080359101377,123.79748190654423
4.0017216642754665,120,52.395694867279836,1.2804000402694937,55.94050450516472,58.27622845726048,125.7408589559583
4.035069344811095,121,52.01786104318595,1.0722998466412816,46.510802123794,59.188958379999065,127.71467343125114
4.068417025346724,122,52.826918253473934,1.0560345143596896,46.51772682231981,60.19209259583754,129.72194010590812
4.101764705882353,123,79.73115066259372,1.1547066518163338,76.7688075475065,61.25599084068773,131.76468531935677
4.1351123864179815,124,54.61341513913523,1.1119209390433022,50.63587733730561,62.19393089843929,133.8387086582129
4.168460066953611,125,57.23771746083077,1.2615568933751824,60.21077855392764,63.14841621218155,135.94456186838772
4.20180774748924,126,59.79630955224913,1.3116794195104078,65.40142051111917,64.25094178856816,138.08718174926616
4.235155428024869,127,60.95855925027705,1.150743829823796,58.492265715304285,65.08784601139068,140.2577104448062
4.268503108560497,128,85.72310228599561,1.3293430422835315,83.38445515057347,65.28486315858343,142.4348092052309
4.301850789096126,129,85.46847514367147,1.3223962178414446,83.38445515057347,66.17847930135471,144.6417079913062
4.335198469631755,130,69.19287248188827,1.2273259095181654,70.81191806702024,67.13720594852417,146.88057808733228
4.368546150167384,131,70.41261863140875,1.2136942781119868,71.25984867755173,67.80051380740007,149.14156796193294
4.401893830703013,132,63.0202177252241,1.3720121228561573,72.09795447841825,68.41884807458014,151.4231778501398
4.435241511238642,133,73.04102784249662,1.0810175366595298,65.83922508202284,68.71298316541557,153.71459646139013
4.468589191774271,134,72.18268795950073,1.147564144460233,69.07090017557405,69.1838508058392,156.02171741628786
4.5019368723099,135,71.78431968844522,1.1031890749729216,66.03354858671895,69.84615030463924,158.35092452329047
4.535284552845528,136,72.4249944336479,1.1805345286178637,71.29388147928891,71.03091683396467,160.71964084602234
4.568632233381157,137,71.80485413540686,1.1694572233951557,70.02018282586319,72.16710243307121,163.1262463231424
4.601979913916786,138,75.19303788407481,1.2378467819514376,77.61213286393973,72.98253459789422,165.56004457159344
4.6353275944524155,139,80.36361162901174,1.3093516351773087,83.38445515057347,74.11959376336999,168.03176110584494
4.668675274988044,140,92.06824639713743,1.246220973940574,83.38445515057347,74.65002317652662,170.52116623071302
4.702022955523673,141,91.89986393205211,1.2645248588971756,83.38445515057347,75.01352908964567,173.02269343464462
4.735370636059302,142,83.57109224441741,1.1500281616829726,80.14005737642374,74.99374536396502,175.5235608972124
4.7687183165949305,143,81.48479243311641,1.0889771173751404,73.99125829398821,75.1245057698386,178.028788916022
4.802065997130559,144,101.97406361142485,1.0922992722112825,83.38445515057347,75.48485910503328,180.54603388273358
4.835413677666189,145,96.81170364527257,1.0563259328715369,83.38445515057347,76.11307365400515,183.0842283475322
4.868761358201818,146,100.46683520444165,1.1333295083790396,83.38445515057347,75.84720923590179,185.61355685065004
4.902109038737446,147,100.50379720897257,1.166574464175126,83.38445515057347,75.92182905562764,188.14537375167774
4.935456719273075,148,103.12399264127579,1.1234643680947156,83.38445515057347,76.03670521137362,190.6810215060484
4.968804399808704,149,99.64956421536901,1.1731996591256768,83.38445515057347,75.86246924141615,193.21085889495512
5.002152080344333,150,98.78301055358848,1.1492852793620545,83.38445515057347,75.64587221647854,195.73347327546924
5.035499760879961,151,102.81186904745911,1.0109148616652042,83.38445515057347,74.81307934177836,198.2283159452455
5.068847441415591,152,98.49552829612574,1.0240633603801184,83.38445515057347,73.83001340029932,200.69037564605995
5.10219512195122,153,95.93282931531506,1.2371297369026928,83.38445515057347,72.88437091195478,203.12090036327209
5.135542802486849,154,100.87752414367412,1.1248987011759561,83.38445515057347,72.09848769216767,205.52521769793245
5.168890483022477,155,100.8569896967125,1.2168028502311359,83.38445515057347,70.98050173421383,207.89225279402365
5.202238163558106,156,105.55116427213976,1.0949827847556193,83.38445515057347,70.13446192624757,210.23107442487836
5.235585844093735,157,115.37073680918836,1.0667347897956692,83.38445515057347,69.07553778305288,212.53458339169435
5.268933524629364,158,116.54941406478558,1.1543162579233088,83.38445515057347,67.99184625675122,214.80195375969208
5.302281205164993,159,116.06069422709892,1.0671038011186196,83.38445515057347,66.7664474561449,217.0284599199585
5.335628885700622,160,105.46491959490093,0.948895284126502,83.38445515057347,65.56304276810867,219.21483532513315
5.368976566236251,161,108.53687286035989,0.9510079468455193,83.38445515057347,64.18843121083235,221.35537062323516
5.4023242467718795,162,98.78301055358848,0.9113945489289419,75.0712729118452,62.71690304831719,223.44683387027445
5.435671927307508,163,114.61917605039292,0.8032854085569633,76.77366188616139,61.31984450488007,225.49170845531762
5.469019607843137,164,95.35375791099727,0.7091170559168223,56.38204709397832,59.794402587380254,227.48571309062035
5.502367288378766,165,81.09463794084556,0.91429204916319,61.82472276947584,58.27301070445406,229.42898283544176
5.535714968914395,166,77.5914612891925,0.9695125363803192,62.72670220755444,57.01550505991242,231.3303176837573
5.569062649450024,167,88.33508393951418,1.0153365179739218,74.78738152605372,55.436556887001494,233.17899827282022
5.602410329985653,168,76.07191221403232,1.0216413793462749,64.804908732855,53.79064785636203,234.9727916133387
5.635758010521282,169,76.74133518498127,0.8437799465486897,53.99376922496956,52.0801064541874,236.7095423656345
5.66910569105691,170,75.59551304452265,1.0372063514633472,65.38020556249619,50.35163357935215,238.38865255668577
5.702453371592539,171,82.31849097975835,0.8385796893076798,57.56080186303283,48.65626426767296,240.01122611354126
5.735801052128169,172,73.64884747256069,0.7937478913633627,48.74539959311196,46.92452453842004,241.5760501671348
5.769148732663798,173,78.86459700081319,0.6981175054943847,45.90877578906569,45.176352058225135,243.0825767233376
5.802496413199426,174,69.46803407117403,0.6758070209728013,39.14648778401679,43.413380134651945,244.5303122550398
5.835844093735055,175,67.82938520363645,0.49961853129978673,28.258006091514865,41.625154283465925,245.9184146023311
5.869191774270684,176,66.50696681930785,0.6472662710903742,35.895103787132086,39.8434206040542,247.24710026408178
5.902539454806313,177,64.97099018657838,0.402183707599739,21.788586370495608,38.02342833254154,248.51509340498475
5.935887135341941,178,64.2604983217062,0.5182109189632255,27.7674337235417,36.204295980258294,249.72242270135175
5.969234815877571,179,62.42882565272932,0.4114672662764144,21.419313731813173,34.376263194624094,250.86879134437478
6.0025824964132,180,53.79203726067026,0.38496798487400674,17.267429903144116,32.57441156635667,251.95507241492572
6.0359301769488285,181,47.496175822236346,0.4078063110970101,16.15093545200409,30.761432544793948,252.9808948402478
6.069277857484457,182,44.85544594297149,0.42422257678516906,15.866971864233493,28.929611328585615,253.9456302768534
6.102625538020086,183,42.21882295309897,0.447524192026451,15.754612786504573,27.096260933623743,254.84922773017792
6.135973218555715,184,38.37066759249063,0.536508688828764,17.16568783739144,25.26878210567636,255.69188300336242
6.1693208990913435,185,37.85730641845003,0.6499429800896872,20.51682069590353,23.60926903998074,256.4791973649874
6.202668579626973,186,36.31722289632823,0.4867288102795227,14.739568863081898,21.923210656306836,257.2102855902692
6.236016260162602,187,36.60881204318329,0.3825394837761823,11.677422644744448,20.690827164772355,257.900276684578
6.269363940698231,188,32.89618403252167,0.6344626878097849,17.403504289614325,19.332091794220634,258.5449571058171
6.302711621233859,189,29.631206965623452,0.49910462066674866,12.33178736958194,17.963946678049705,259.14401306079577
6.336059301769488,190,27.947382314770284,0.3998729726264909,9.318548771797598,16.324099010690833,259.6883838996363
6.369406982305117,191,25.606455361145144,0.30021314671995164,6.410092052715227,14.950895723535503,260.18696159394625
6.402754662840746,192,21.27368705224248,0.31586854928963004,5.603175782987418,13.797055486806226,260.64706139265263
6.436102343376375,193,19.639145074097208,0.43312400301634824,7.092836125009576,12.385963067167667,261.06010453214265
6.469450023912004,194,16.908063628201212,0.3869979926204448,5.4561673341920285,11.142042726131349,261.431665813488
6.502797704447633,195,16.226319989075296,0.34860413014936065,4.716693541802876,10.123218348706402,261.76925166497307
6.536145384983262,196,13.162580502400992,0.36906761418618445,4.050718589780043,9.167031678797159,262.0749509088576
6.56949306551889,197,11.840162118072406,0.29518228965057275,2.9142918472024366,8.387437177272822,262.3546524843579
6.602840746054519,198,10.501316176174521,0.36617967131280305,3.2064395770458893,7.8801363081137845,262.61743675253814
6.636188426590149,199,6.049448074894435,0.29435266213060285,1.4848029325035537,7.172760125480426,262.85663166576137
6.6695361071257775,200,5.363597546376193,0.3406441849581238,1.523499297827431,6.7629093012603825,263.08215900463125
6.702883787661406,201,4.89130526625884,0.27533541737881095,1.122979797034571,6.208127827530425,263.2891856681481
6.736231468197035,202,4.772205473881421,0.5782788105178452,2.3011318785394015,5.774266285430594,263.4817440555623
6.769579148732664,203,3.954934484808785,0.5459393741665763,1.8003991802509647,5.443181556519702,263.6632615352065
6.8029268292682925,204,2.2177202718553937,0.5150783724473262,0.9525004211985262,5.142478613482963,263.8347512691702
6.836274509803921,205,2.1602238203628463,0.49058561036210835,0.8836873772891413,4.833720218834087,263.99594462682654
6.869622190339551,206,2.102727368870299,0.6546949323103874,1.1479078929414097,4.535790458359706,264.1472027180085
6.90296987087518,207,1.8193520007998876,0.2591761677531087,0.393184955542292,4.225639635298452,264.2881179986251
6.936317551410808,208,1.7988175538382636,0.6007160920600783,0.9010346208355646,3.8606629952173086,264.4168621548454
6.969665231946437,209,1.4949077388062282,0.741897021808374,0.9247899749267093,3.6240466479537194,264.5377157047076
7.003012912482066,210,1.273135711620689,0.6420806738689985,0.6816310946483992,3.4755386487701547,264.653616857256
7.036360593017695,211,1.540083522121801,0.90342686875497,1.160171979862656,3.193971293771567,264.7601283916007
7.069708273553323,212,1.314204605543937,0.9072805910433782,0.994236494904511,3.0087877381624266,264.86046448389243
7.103055954088953,213,3.979575821162734,0.9073072382613876,3.010760810865071,2.9284340074251003,264.95812096564174
7.136403634624582,214,3.53192487739933,0.7031935170441291,2.070958572152216,2.858148985602753,265.05343360493686
7.169751315160211,215,4.1767065119943245,0.5401078856381618,1.881046678760952,2.8927952676534,265.14990161737757
7.203098995695839,216,4.316340751333367,0.4402104216232957,1.5843865163985549,2.8636993626003404,265.2453993488717
7.236446676231468,217,6.722977935235702,0.5170076229317472,2.8983026089892725,2.959879859686169,265.34410447685633
7.269794356767097,218,6.714764156451053,0.5144382722530159,2.880375643149801,3.0698111487158246,265.4464755583484
7.303142037302726,219,7.3636526804383715,0.6619937187155739,4.064735215421632,3.1555097540695103,265.5517044895542
7.336489717838355,220,9.376028482677524,0.694469509448359,5.429466979358133,3.199566450682756,265.6584026094041
7.369837398373984,221,10.12348235208064,0.48133845875076803,4.063175568630979,3.2957552632330533,265.76830840304603
7.403185078909613,222,9.967420555172296,0.4025011253729267,3.3452992805936517,3.393109895001571,265.8814607478468
7.4365327594452415,223,9.667617629532586,0.3476202079476039,2.8022674056935912,3.543856872015132,265.99964015467873
7.46988043998087,224,9.725114081025133,0.23375136049693956,1.8955443373207745,3.599936313632256,266.11968968081436
7.503228120516499,225,9.548517837155167,0.2974909795105845,2.368617102154011,3.7319661320750117,266.2441420951566
7.536575801052129,226,8.891415534383198,0.353288694876493,2.619303015350837,3.872961643310773,266.37329638276447
7.569923481587757,227,8.85034664045995,0.2673298114910611,1.9728441050340904,3.9770453076216263,266.50592161915876
7.603271162123386,228,8.874987976813898,0.31725124832381585,2.347773565157401,4.203094196122087,266.6460850616722
7.636618842659015,229,7.58542470762391,0.507330876048912,3.208900799635013,4.337210847234946,266.7907209834214
7.669966523194644,230,8.25074078918053,0.5949084159392465,4.092871892252085,4.482952825434185,266.94021706210026
7.703314203730272,231,7.511500698562064,0.6532901622521665,4.091833236220386,4.628300526704072,267.0945601494877
7.736661884265901,232,8.608040166312787,0.6958379129385367,4.994562681484008,4.901867964600726,267.258026076399
7.770009564801531,233,8.924270649521796,0.6360279891327311,4.73297331467788,5.173289294235619,267.43054327510157
7.80335724533716,234,9.8852827673258,0.485093975106543,3.9985273671706443,5.26746916344972,267.6062011539956
7.836704925872788,235,10.875043110876078,0.6288675414763593,5.702630888617892,5.508130790343124,267.78988453994043
7.870052606408417,236,9.511555832624243,0.40943146741724784,3.2472660707096086,5.744889332143136,267.98146327410126
7.903400286944046,237,11.314480275854832,0.7591546997284189,7.162258475266527,5.921908265880195,268.17894517911316
7.936747967479675,238,10.390430162581751,0.6675343961915183,5.783520397621898,6.080890990035742,268.38172878922086
7.970095648015303,239,12.09889614978887,0.9698363527256125,9.784289703054306,6.180880107890785,268.5878468044878
8.003443328550933,240,14.608205568499324,0.7933357909219289,9.663601548137384,6.264556181788968,268.7967552227356
8.036791009086562,241,15.29816298640989,0.6198632926212807,7.907155830695884,6.328162463275951,269.0077847629385
8.07013868962219,242,15.257094092486643,0.384910073746722,4.896843194798498,6.364030535252437,269.2200104201471
8.10348637015782,243,16.28792332996017,0.5547901787829961,7.53493614180929,6.45381746311997,269.4352302631425
8.136834050693448,244,15.133887410716898,0.46482427061101833,5.865761362086854,6.552251763499591,269.6537326617407
8.170181731229077,245,18.95740143497129,0.5255163469242682,8.307113263437687,6.728260155115073,269.8781045319541
8.203529411764706,246,17.561059041580858,0.2490272831937351,3.646554669805133,6.84781612658333,270.1064633165101
8.236877092300334,247,15.142101189501547,0.6528092974092434,8.242473708463386,6.947914200350989,270.33816013965236
8.270224772835963,248,15.359766327294762,0.6359630719739634,8.145197185860255,7.154793213227736,270.57675589802557
8.303572453371592,249,17.74176217484315,0.38098649362994563,5.636265315186896,7.189495005597601,270.81650888068475
8.336920133907222,250,19.963589336090866,0.664155666638721,11.055887359809889,7.3130463976320055,271.0603820156952
8.370267814442851,251,19.175066572764504,0.44925549174851637,7.183157193020045,7.391932978130515,271.3068858351907
8.40361549497848,252,16.082578860343926,0.5183729891250393,6.9515739745080625,7.411390834068954,271.55403852904993
8.436963175514109,253,17.639089940035028,0.5059525507222414,7.4416811779804855,7.428530029109415,271.80176277531
8.470310856049737,254,19.95126866791389,0.7955710794405394,13.235324680276094,7.465831465063778,272.0507309379398
8.503658536585366,255,21.96775135954537,0.7039965783406732,12.895590928218601,7.518204066866417,272.30144560536337
8.537006217120995,256,21.709017327828906,0.2982146863638317,5.398266094497215,7.540665455269923,272.55290930799174
8.570353897656624,257,22.26755428518508,0.636806023102938,11.824009705107681,7.706642215217798,272.8099079505872
8.603701578192252,258,25.212193979481963,0.6499958290554962,13.664895191865599,7.90261143581215,273.0734417121459
8.637049258727881,259,24.349747207093756,0.4943290990222165,10.036810590319963,8.047700833744244,273.3418138685959
8.67039693926351,260,22.920549698564724,0.47274938813130063,9.035269265760487,8.177165828489905,273.61450338233124
8.703744619799139,261,23.121787278788638,0.31555520149426897,6.08389681987552,8.319063278905132,273.8919248469118
8.737092300334767,262,22.875373915249153,0.3493524796046727,6.66372593440751,8.364077951683738,274.17084744641966
8.770439980870396,263,22.304516289716002,0.3087699814951402,5.742658310064015,8.345920479398961,274.44916453634244
8.803787661406027,264,19.713069083159052,0.3454753903788914,5.678798454363511,8.364764812861155,274.7281100410774
8.837135341941655,265,21.35171795069665,0.5318957233135474,9.469878733397067,8.382463853342111,275.0076457677601
8.870483022477284,266,21.372252397658272,0.4765531772589102,8.492719085713924,8.496206698603597,275.2909745545098
8.903830703012913,267,24.008875387530797,0.5627304017931225,11.265676903290405,8.621148454605011,275.57846985902415
8.937178383548542,268,24.62901568577184,0.3984212662070649,8.18228612176512,8.620813432860842,275.86595399134046
8.97052606408417,269,23.754248245206657,0.3231102345133678,6.399957656865464,8.711485240398275,276.1564618181281
9.0038737446198,270,22.928763477349374,0.6108142537614629,11.678172681607675,8.656556324501102,276.4451378929762
9.037221425155428,271,22.48111253358597,0.22303097815557751,4.1808836719946845,8.607074811853524,276.73216387414817
9.070569105691057,272,21.676162212690308,0.4167548761758533,7.532656746582269,8.663080689304373,277.02105752142944
9.103916786226685,273,21.860972235344924,0.32353843262829507,5.8976696875903505,8.554115390635168,277.30631742874124
9.137264466762314,274,21.528314194566615,0.22753292034530367,4.084504316864819,8.628553895375068,277.59405968752867
9.170612147297943,275,21.236725047711555,0.2746837957049813,4.864135669072746,8.698604704755983,277.88413797832857
9.203959827833572,276,20.160720026922455,0.3432532229828265,5.770397854166797,8.755459411844042,278.1761122417374
9.237307508369202,277,19.95948244669854,0.44170420472890976,7.351329762602759,8.624593885430055,278.4637224433783
9.270655188904831,278,16.994308305440033,0.40532730987630156,5.743735792835659,8.457048198339727,278.7457453849709
9.30400286944046,279,16.439878237476186,0.8365354670118172,11.467481564824983,8.526636135065765,279.03008892284663
9.337350549976088,280,20.75211209941723,0.8391826129881109,14.521245815363761,8.47633096039578,279.3127548998282
9.370698230511717,281,19.552900396858387,0.5996222602083559,9.776288977653865,8.389213568291117,279.59251571384874
9.404045911047346,282,21.49135219003569,0.7247689352221134,12.988183238821192,8.417121499559357,279.8732071926456
9.437393591582975,283,24.674191469087415,0.5914574392178645,12.1689056663071,8.508259151293508,280.1569379007373
9.470741272118604,284,24.07047872841567,0.5884075476745447,11.809949978091622,8.624228370417665,280.4445359133003
9.504088952654232,285,22.8507325788952,0.4642875195054008,8.846515295322444,8.655998192423105,280.7331933757382
9.537436633189861,286,20.489271178308442,0.5124506246738085,8.755150836494645,8.74627905933315,281.0248614956843
9.57078431372549,287,22.71109833955616,0.30063589794913087,5.693300016441425,8.70363742648143,281.3151076160806
9.604131994261119,288,23.068397716688416,0.6578145601902,12.653364178576194,8.63186199202086,281.6029601922181
9.637479674796747,289,20.842463666048374,0.6610215002311496,11.488140382150483,8.581050736162503,281.88911833082767
9.670827355332378,290,18.97382899254059,0.5241084585745782,8.292037284950078,8.494097189500195,282.1723767703417
9.704175035868007,291,21.006739241741364,0.44111837090562145,7.726786008989667,8.538129127441712,282.4571035728556
9.737522716403635,292,20.920494564502544,0.33080295832461226,5.770672493090546,8.473349268523005,282.7396701173291
9.770870396939264,293,19.62682440592023,0.36164182827388947,5.918529116719284,8.30237074989979,283.0165349247851
9.804218077474893,294,21.376359287050597,0.4576006066821349,8.156529800475097,8.358523657735814,283.2952723014728
9.837565758010522,295,21.306542167381078,0.3462979713700868,6.152448919695698,8.295405339228783,283.57190482863894
9.87091343854615,296,22.48932631237062,0.5616761762927879,10.532889906315535,8.33084595548932,283.8497192181541
9.904261119081779,297,24.14029584808519,0.5019490694487287,10.103860396649214,8.329800287092004,284.12749873705366
9.937608799617408,298,23.725500019460384,0.505482053186021,10.000142996943085,8.370748138800652,284.4066437718306
9.970956480153037,299,23.442124651389975,0.3758296899830451,7.346375991646766,8.310728866978419,284.68378730310485
10.004304160688665,300,22.226485391261832,0.28899312904091373,5.356035009153793,8.243529531003418,284.9586898923908
10.037651841224294,301,22.953404813703322,0.44565904875496154,8.529723247168873,8.25947047309029,285.23412407512086
10.070999521759923,302,23.347666195366504,0.4910682975831627,9.56027684495839,8.114107953392471,285.50471075498217
10.104347202295552,303,21.212083711357607,0.5509296529495641,9.744612547155782,7.886949126394456,285.7677222148499
10.137694882831182,304,23.766568913383633,0.5698295365496977,11.292667497390772,7.745193020430333,286.026006437382
10.171042563366811,305,24.29225075560121,0.648523347525373,13.136463593797302,7.538652271104016,286.277403004988
10.20439024390244,306,26.08285453065482,0.5196785003210399,11.30251168046257,7.384893592545737,286.52367207730185
10.237737924438068,307,26.460688354748704,0.3668115910541684,8.0933679246523,7.2016015979244346,286.76382878673434
10.271085604973697,308,26.59621570469542,0.44213594635687026,9.805297321015992,7.074337332303792,286.9997415280933
10.304433285509326,309,24.941139279588526,0.18079141185986292,3.7599249760361357,7.006319090023943,287.2333860188381
10.337780966044955,310,25.647524255068394,0.29177826953904157,6.239984182671512,7.005320540686341,287.4669972102786
10.371128646580583,311,24.033516723884745,0.3096878931112506,6.206212572087773,6.878420646933442,287.6963765846022
10.404476327116212,312,24.4729538888635,0.360312504670306,7.352767303486607,6.739818938695596,287.9211339134378
10.437824007651841,313,23.162856172711887,0.5262300306977931,10.163723329133354,6.647640316096349,288.1428172990148
10.47117168818747,314,22.9164428091724,0.1823700570404597,3.484864005523633,6.568348873131421,288.3618564988825
10.504519368723098,315,23.61050711647529,0.2023690573888966,3.98413934356297,6.593282303601308,288.5817271708242
10.537867049258727,316,21.61045198241311,0.37224499120411453,6.7077645246158175,6.606799450413827,288.80204860825955
10.571214729794358,317,21.175121706826683,0.26575274570484486,4.692332413765816,6.580353182810619,289.02148812401157
10.604562410329986,318,20.37838516471567,0.44093212386059843,7.492497419314521,6.511549698120443,289.2386332031364
10.637910090865615,319,19.48719016658119,0.2484693115072104,4.037449238985615,6.3310284126052565,289.4497583161019
10.671257771401244,320,19.725389751336028,0.40775937473580515,6.706788995961923,6.179397153461789,289.65582687827833
10.704605451936873,321,20.160720026922455,0.1825916177239389,3.069530622166294,6.02051684718394,289.8565971507576
10.737953132472501,322,17.49534881130366,0.29663014882727695,4.327359643727703,5.914904502960196,290.05384549652103
10.77130081300813,323,18.464574707892314,0.419643588497779,6.461078186744929,5.854943786619804,290.2490942914713
10.804648493543759,324,16.93270496455516,0.34889745203392286,4.9261681784231275,5.743237775996411,290.44061795006536
10.837996174079388,325,14.899794715354384,0.3460286238822746,4.299098600453089,5.571900229321757,290.6264278988892
10.871343854615017,326,13.803255247603662,0.2951635394044658,3.3972642092683323,5.405009738223821,290.8066724369314
10.904691535150645,327,13.569162552241147,0.32646833069598913,3.6938495191369105,5.186652989111203,290.97963528386146
10.938039215686274,328,13.996279049042927,0.4498235472607012,5.24976513118454,4.916217777094291,291.1435797437356
10.971386896221903,329,13.585590109810447,0.31441783505385335,3.5618102201330166,4.682147268253058,291.2997184950581
11.004734576757532,330,13.737545017326465,0.2723378078392147,3.1196233423935436,4.520694463619738,291.45047316983005
11.038082257293162,331,13.840217252134584,0.4934175859782117,5.694329933901398,4.337959497838666,291.5951340573405
11.07142993782879,332,13.737545017326465,0.4930926762060396,5.648365296249417,4.284952786921615,291.738027293989
11.10477761836442,333,15.655462363542147,0.5318485439685916,6.942868959695717,4.170798512855072,291.8771137503741
11.138125298900048,334,13.889499924842482,0.45339378850645645,5.251063511447375,4.057452015028764,292.01242036395996
11.171472979435677,335,13.277573405386088,0.374296584007086,4.143999267983994,3.917490497721435,292.14305958557935
11.204820659971306,336,12.760105341953162,0.39085459021657143,4.158671075567819,3.7052881822126924,292.26662235217225
11.238168340506935,337,11.975689468019125,0.6902434550590719,6.892676864235528,3.645836048888433,292.3882025280159
11.271516021042563,338,11.183059815300437,0.6999300022865244,6.526800723282656,3.572301140398956,292.50733048522295
11.304863701578192,339,10.62862974733659,0.7860478982882386,6.966447758330704,3.4339409687374016,292.6218444516266
11.33821138211382,340,9.950992997602997,0.36833530165842815,3.0562921086377823,3.3392743827851428,292.7332015069645
11.37155906264945,341,9.400669819031473,0.3073765911759172,2.4094320581321593,3.194830006969637,292.83974167740257
11.404906743185078,342,9.281570026654054,0.423864823709341,3.2804537351931913,3.1257067732125807,292.94397674832373
11.438254423720707,343,9.051584220683866,0.37767288372237484,2.8505292144398147,3.0070361971064377,293.0442544307839
11.471602104256338,344,8.796957078359727,0.3536082185088547,2.5938205015783424,2.959200900296425,293.14293691704773
11.504949784791966,345,7.7538071727092275,0.4110765079077631,2.6578027738361865,2.877709932384094,293.2389018685471
11.538297465327595,346,7.408828463753944,0.5670216568222198,3.5029527691161135,2.7486619518676316,293.3305633692184
11.571645145863224,347,7.1254530956835325,0.3113828060166269,1.8500872445990209,2.6488659734950013,293.4188969054842
11.604992826398853,348,7.622386712154833,0.35157027329322244,2.23454044774863,2.564911755764605,293.5044307633175
11.638340506934481,349,4.287592525587094,0.4102203141643675,1.4666137873229614,2.4894169955586416,293.58744704600537
11.67168818747011,350,2.81321923374249,0.4121767383315912,0.9668790530362565,2.407331450688933,293.6677259661663
11.705035868005739,351,2.3039649490942145,0.4004577130229004,0.7693387826071059,2.3003986189914696,293.744438924417
11.738383548541368,352,2.312178727878864,0.4294568112540056,0.8279917161528959,2.2212472807662915,293.81851236912667
11.771731229076996,353,2.706440109542045,0.7011071775647868,1.5822238608677708,2.151922317601991,293.8902739871115
11.805078909612625,354,2.6817987731880963,0.6147128875464859,1.3746229847688018,2.0350842290367677,293.95813932584457
11.838426590148254,355,2.5750196489876513,0.5137198502963496,1.1030418496770653,1.917115679037673,294.02207068705894
11.871774270683883,356,2.205399603678419,0.6012202023484989,1.105620169903952,1.7670899134241624,294.08099903696956
11.905121951219511,357,2.0904067006933245,0.6049650679165284,1.0544990246567736,1.6503996131697765,294.13603603602564
11.938469631755142,358,1.4702664024522794,0.5013314452513715,0.6146191312399535,1.5673034070742125,294.18830196934715
11.97181731229077,359,1.4045561721750826,0.6911977332432254,0.8095180059319579,1.481679124228513,294.2377125314382
12.0051649928264,360,1.3881286146057834,0.5832208165289985,0.6750684615364975,1.3408109659472984,294.2824254671893
12.038512673362028,361,0.9035156663114566,0.6391852389966328,0.48155679984586713,1.202273693132479,294.32251850622424
12.071860353897657,362,0.9692258965886534,0.5349477207160412,0.4323360459141886,1.0778641426854882,294.35846277531533
12.105208034433286,363,1.4538388448829802,0.8187086401527088,0.9925005076167731,1.0269749684776,294.3927100084822
12.138555714968915,364,1.5359766327294762,0.7237105789980144,0.9269037199180734,0.9879965638994398,294.4256574022654
12.171903395504543,365,1.519549075160177,1.0785635627651582,1.366613071185461,0.9289587050623833,294.45663602039264
12.205251076040172,366,1.3963423933904329,0.7875261304337986,0.9169422657157345,0.8743161867817361,294.4857924372766
12.2385987565758,367,1.1335014722816454,0.6985730190326362,0.6602660876727848,0.8232799572850079,294.5132469142835
12.27194643711143,368,1.1170739147123463,0.7020321357096717,0.6539190635041363,0.7774528335196058,294.53917316300726
12.305294117647058,369,1.1088601359276968,0.47084269463841666,0.43534915165478416,0.7106857571150762,294.56287288459674
12.338641798182687,370,1.0020810117272518,0.6237091989323701,0.5211588025852366,0.6808565522589536,294.58557787139205
12.371989478718318,371,0.0,0.0,0.0,0.6383362686889212,294.6068649053546
12.405337159253946,372,0.0,0.0,0.0,0.6122843016204987,294.62728316664203
12.438684839789575,373,0.8460192148189094,0.6205806616483599,0.43778770479870666,0.600202289595591,294.6472985208522
12.472032520325204,374,0.0,0.0,0.0,0.5910396835726416,294.6670083234039
12.505380200860833,375,0.0,0.0,0.0,0.5782612436036544,294.6862919946217
12.538727881396461,376,0.9610121178040039,0.544860890788449,0.43661594846635177,0.5431007133621484,294.70440314370956
12.57207556193209,377,0.895301887526807,0.45513885730773646,0.3397805462901648,0.5125535359228417,294.7214956152829
12.605423242467719,378,0.8788743299575078,0.2615964074034045,0.19170950708774026,0.4880414948189069,294.73777066714024
12.638770923003348,379,0.0,0.0,0.0,0.4634721577099302,294.75322638859274
12.672118603538976,380,0.9240501132730806,0.5251947579300243,0.4046699936836338,0.4400388460508908,294.7679006634541
12.705466284074605,381,0.9897603435502774,0.37026054291096006,0.3055783475113203,0.42638064313444735,294.78211946892793
12.738813964610234,382,0.9692258965886534,0.6850048063854283,0.5536097415808838,0.40839135411373717,294.79573837333845
12.772161645145863,383,0.936370781450055,0.37477979769293396,0.29262344661577594,0.3933898327462595,294.8088570118068
12.805509325681491,384,2.4641336353948815,0.6657979533133933,1.3680179882161234,0.3826885705274624,294.8216187880014
12.838857006217122,385,2.4230647414716335,0.3792599320910217,0.7662792692828049,0.37308110284048046,294.8340601774328
12.87220468675275,386,2.546271423241378,0.3086876100036036,0.655403852114957,0.35102553600455216,294.8457660648673
12.90555236728838,387,2.476454303571856,0.30206138237211144,0.6237500875256526,0.33042767556192837,294.85678506143205
12.938900047824008,388,2.4025302945100098,0.1954818044630587,0.39161589181068135,0.3000584962022514,294.8667913163054
12.972247728359637,389,2.4435991884332577,0.1458543475958581,0.2971901742255753,0.28616550235021515,294.8763342720581
13.005595408895266,390,2.041124027985427,0.34993487115815736,0.5955822043930925,0.2714929226241532,294.8853879313095
13.038943089430894,391,1.9425586825696317,0.307715027043553,0.4984343309122799,0.2715745260317174,294.8944443118452
13.072290769966523,392,1.7536417705226908,0.3472511156300697,0.507773026073504,0.2768748558550139,294.9036774460866
13.105638450502152,393,1.724893544776417,0.2232699931718258,0.3211276870971769,0.27547308995486647,294.91286383468656
13.13898613103778,394,1.7741762174843148,0.19891700748928168,0.29427526924395087,0.3046652182551385,294.9230237130553
13.17233381157341,395,1.765962438699665,0.2873871279397009,0.4231885119154044,0.3392079411171438,294.9343355111108
13.205681492109038,396,1.724893544776417,0.24822584178886334,0.35702151157438305,0.35679999401717793,294.9462339633264
13.239029172644667,397,0.9445845602347046,0.3211657367985814,0.25296191754847397,0.3845649522766373,294.95905831250013
13.272376853180297,398,0.0,0.0,0.0,0.42140516041521775,294.97311119716574
13.305724533715926,399,0.0,0.0,0.0,0.4530027919095763,294.9882177895521
13.339072214251555,400,0.0,0.0,0.0,0.48180628894556876,295.0042849117559
13.372419894787184,401,0.0,0.0,0.0,0.5345724809318594,295.0221116640732
13.405767575322812,402,0.0,0.0,0.0,0.5896872763776977,295.04177636698176
13.439115255858441,403,0.0,0.0,0.0,0.6369283056558289,295.0630164486429
13.47246293639407,404,0.0,0.0,0.0,0.6556400586515858,295.08488052386514
13.505810616929699,405,0.0,0.0,0.0,0.6773933366478092,295.10747002045264
13.539158297465328,406,0.0,0.0,0.0,0.7127274481470784,295.1312378277024
13.572505978000956,407,0.0,0.0,0.0,0.7048470104232764,295.15474284063254
13.605853658536585,408,0.0,0.0,0.0,0.720398227962481,295.17876645059704
13.639201339072214,409,0.0,0.0,0.0,0.726827346311061,295.2030044567464
13.672549019607843,410,0.0,0.0,0.0,0.7342150920415891,295.2274888270802
13.705896700143471,411,0.8295916572496101,0.4217670234964171,0.29175754237410073,0.7575834118032629,295.2527524766761
13.739244380679102,412,0.0,0.0,0.0,0.7761921260879321,295.2786366837312
13.77259206121473,413,1.5852593054373738,0.4974742401958677,0.6575912168445244,0.785090374738168,295.3048176267395
13.80593974175036,414,1.6509695357145706,0.48949481580727155,0.67386399370313,0.7942267397840092,295.3313032463307
13.839287422285988,415,0.9117294450961062,0.602545192741859,0.4580793370785961,0.7988943405239805,295.35794451958026
13.872635102821617,416,2.731081445895994,0.5768441939555622,1.3136457735122427,0.8170736020651237,295.38519202903603
13.905982783357246,417,2.7146538883266946,0.6867039107605066,1.5544225287902393,0.8241646799954927,295.4126760094933
13.939330463892874,418,2.9651741412585078,0.49724283867047925,1.2294300853002431,0.8270128512494294,295.44025496985563
13.972678144428503,419,3.100701491205226,0.48324179096843195,1.2494231216756724,0.8361589566225069,295.46813893161806
14.006025824964132,420,3.971362042378084,0.5006220946880701,1.657809366236118,0.8477448715205884,295.49640925676925
14.03937350549976,421,4.004217157516683,0.5566241391397936,1.8585093657124874,0.8659064304131124,295.5252852277844
14.07272118603539,422,3.8892242545315883,0.5044507086555577,1.6359379129098255,0.8837146934329798,295.55475506306567
14.106068866571018,423,4.443654322495436,0.6925691335329969,2.5661881464708225,0.9044729913336953,295.5849171394338
14.139416547106647,424,4.312233861941043,0.6897525468877805,2.4801657950627227,0.9158412841374752,295.6154583219986
14.172764227642277,425,4.316340751333367,0.703085794247921,2.530516311199536,0.9291180163491188,295.64644225278766
14.206111908177906,426,4.291699414979419,0.3206851756853469,1.1476072323203783,0.9428500517254154,295.6778841151056
14.239459588713535,427,4.143851396855726,0.4435200627962693,1.532507251410937,0.9628826400895878,295.7099940177806
14.272807269249164,428,3.913865590885537,0.5768734330002472,1.8826584640828914,0.9770943889406709,295.74257784931615
14.306154949784792,429,3.9220793696701866,0.3098694019731321,1.0133982906450307,0.9907430067287878,295.77561683059747
14.339502630320421,430,3.913865590885537,0.44922908751425783,1.4660840585470143,1.0002601675510838,295.8089731871175
14.37285031085605,431,3.8810104757469386,0.2919244850111128,0.9447141778010592,1.009774369799967,295.84264682021467
14.406197991391679,432,3.683879784915348,0.3112845595867017,0.9561986453994152,1.0209145612900565,295.8766919528587
14.439545671927307,433,3.683879784915348,0.46982167691736415,1.4431902810860051,1.0291489850022195,295.91101168443413
14.472893352462936,434,3.5524593243609544,0.38302030812181354,1.134582317035684,1.0296861873766125,295.9453493304627
14.506241032998565,435,3.5524593243609544,0.3362378568743553,0.9960033936537169,1.0399466354427689,295.98002913863553
14.539588713534194,436,3.4456802001605094,0.31657486255604583,0.9095707579751227,1.0321093191008133,296.0144475904867
14.572936394069822,437,3.4867490940837573,0.24689186099672197,0.7178150593722163,1.030322005688403,296.04880643958126
14.606284074605451,438,3.494962872868407,0.3909040779071603,1.1391944564486163,1.0337338799382063,296.0832790667683
14.639631755141082,439,3.5113904304377064,0.20948888626158538,0.6133737761105695,1.0196799457347931,296.11728302784724
14.67297943567671,440,2.706440109542045,0.24431422862181607,0.5513562183425522,0.9987497081024183,296.1505890140481
14.70632711621234,441,2.558592091418352,0.360256739899487,0.7685962533628706,0.9797166334546729,296.18326029135596
14.739674796747968,442,2.5668058702030017,0.36178194890354365,0.774328087962138,0.9609324484289192,296.2153051596625
14.773022477283597,443,3.1089152699898754,0.315262021350228,0.8172701501635807,0.9324273342521427,296.2463994485278
14.806370157819225,444,2.9241052473352593,0.3286669084195762,0.8013718358940309,0.8957737597972113,296.27627142570174
14.839717838354854,445,2.8666087958427124,0.39079655759741116,0.9341234055322,0.8650310177704023,296.30511820373573
14.873065518890483,446,2.8994639109813107,0.2115947859328708,0.5115731761700943,0.8132240857636464,296.33223734075165
14.906413199426112,447,3.080167044243602,0.23261855000185233,0.5974529495239668,0.7651737210092067,296.3577541095541
14.93976087996174,448,3.0637394866743026,0.2418858692645129,0.6179415919333426,0.7164105513971138,296.38164473975445
14.97310856049737,449,2.829646791311789,0.3820606033005578,0.9014664763877611,0.700755001975379,296.4050132936941
15.006456241032998,450,2.4600267460025567,0.31177056758568433,0.6395286982987367,0.6730781182236939,296.42745888775613
15.039803921568627,451,2.4025302945100098,0.3065823987862789,0.6141878004652626,0.6405279509608524,296.4488190092389
15.073151602104257,452,2.1930789355014446,0.234196587723072,0.4282722370033187,0.6297553971693327,296.46981989103926
15.106499282639886,453,2.1355824840088973,0.24042711631631242,0.42813910119974524,0.6043909107395276,296.48997492604923
15.139846963175515,454,1.9959482446698542,0.30121097974144423,0.5013086170540338,0.6000683142088751,296.50998581249104
15.173194643711144,455,1.9630931295312557,0.2263704455839674,0.3705490670473235,0.6005631181218837,296.53001319949567
15.206542324246772,456,1.897382899254059,0.1996885011468618,0.31593164922179146,0.5874710109978155,296.54960399509434
15.239890004782401,457,2.0534446961624013,0.2696564011540519,0.46172016297703805,0.5875343405850771,296.56919690258786
15.27323768531803,458,1.9220242356080077,0.19025257140976043,0.30491198145651854,0.5893180983817972,296.58884929426654
15.306585365853659,459,1.9713069083159054,0.3610220577200664,0.593434890144671,0.5837021225502855,296.6083144061773
15.339933046389287,460,1.790603775053614,0.4096307950875247,0.6116136783197387,0.5846051329748256,296.62780963139124
15.373280726924916,461,1.6509695357145706,0.49483729953710964,0.6812187343586472,0.5818219096818527,296.6472120425639
15.406628407460545,462,1.7166797659917676,0.42793277667141133,0.6125618353333728,0.609946530692158,296.6675523446133
15.439976087996174,463,1.2649219328360393,0.3535836366527276,0.3729417261517011,0.6220676822293953,296.6882968589518
15.473323768531802,464,1.2115323707358168,0.40004249428999733,0.40413479551675885,0.6337334941822114,296.7094304010605
15.506671449067431,465,1.2526012646590647,0.3591079937200735,0.37507922828117823,0.6412615920110593,296.73081498777066
15.540019129603062,466,1.273135711620689,0.1969659492132225,0.2090985152405663,0.6890373118722037,296.7537927839241
15.57336681013869,467,1.2402805964820904,0.2441638216800428,0.2525145217034176,0.709128492607969,296.7774405743543
15.60671449067432,468,1.1211808041046711,0.25123391987839183,0.23487620616681226,0.7487043078341727,296.80240812642757
15.640062171209948,469,1.0554705738274743,0.3612089122244666,0.31789938111293425,0.7713701344759569,296.8281315312468
15.673409851745577,470,1.0924325783583975,0.36904894493466117,0.33617367865536113,0.7831187063546755,296.8542467236878
15.706757532281205,471,1.1745703662048936,0.4524233114055799,0.4431075083423127,0.7895420279982299,296.88057611900695
15.740105212816834,472,1.2238530389127913,0.2812803388215785,0.2870474825851046,0.8104844304234459,296.9076038948718
15.773452893352463,473,1.3470597206825352,0.3720500777386447,0.41790093725502014,0.8273167340129752,296.9351929890194
15.806800573888092,474,1.4291975085290314,0.44358538492795496,0.5286333700266497,0.8584739283420575,296.9638211033299
15.84014825442372,475,1.4908008494139033,0.2611882959452137,0.3246821692057843,0.9113957664889172,296.9942140381923
15.87349593495935,476,1.6304350887529466,0.551806621803657,0.7501973339216946,0.9480119697988858,297.0258280385051
15.906843615494978,477,2.2587891657786416,0.5194986518481225,0.9784648214848014,0.991827927615991,297.0589031993816
15.940191296030607,478,1.8809553416847595,0.5445244797854035,0.8540454605029374,1.0527128629765878,297.09400873163185
15.973538976566237,479,2.6530505474418224,0.5141559656318253,1.1374321484624608,1.102059445108026,297.1307598579386
16.006886657101866,480,2.032910249200777,0.6349199022342923,1.0762724945061135,1.1335647248990632,297.168561612251
16.040234337637493,481,2.032910249200777,0.3874932340019596,0.6568518455571029,1.1780545903612023,297.2078470003839
16.073582018173123,482,2.024696470416128,0.4492439500203512,0.7584505284765198,1.2002719909615627,297.24787328729434
16.10692969870875,483,1.9918413552775294,0.6104870356436577,1.0139494082648344,1.2095725784648603,297.28820972722565
16.14027737924438,484,2.5750196489876513,0.8750984461734899,1.8789817215743105,1.2037690008287358,297.32835263130397
16.173625059780008,485,2.91589146855061,0.45110139880639716,1.0968080375182312,1.2054253737922465,297.3685507715787
16.20697274031564,486,3.289618403252167,0.471579826343898,1.293557791239593,1.2166773906535755,297.4091241405172
16.24032042085127,487,3.5278179880070057,0.37839029324674595,1.1130924902602894,1.2208629761631977,297.4498370890241
16.273668101386896,488,5.782500264393322,0.6153791489913039,2.96717754391508,1.225965627758044,297.4907201991262
16.307015781922527,489,6.295861438433922,0.3248666223077079,1.7054749690034683,1.2482133358002852,297.53234521868876
16.340363462458154,490,6.681909041312454,0.4872925730787758,2.715035090711373,1.2593566951414696,297.57434184343873
16.373711142993784,491,6.657267704958505,0.2758963251189917,1.5315353750503824,1.2882698135155368,297.61730265362354
16.40705882352941,492,6.575129917112009,0.205400947886008,1.1261386840662966,1.3102783733694072,297.6609973982314
16.44040650406504,493,6.681909041312454,0.16278611343575855,0.9069910658932978,1.3614019412161296,297.7063969952477
16.47375418460067,494,6.54227480197341,0.3380006229921552,1.8438745855224785,1.3806468854037413,297.75243836651464
16.5071018651363,495,6.727084824628027,0.24904562846692394,1.3969823598275575,1.3993113830202888,297.79910215548546
16.540449545671926,496,6.7352986034126765,0.3590086538632695,2.0162615452739616,1.431382898307067,297.84683545510234
16.573797226207557,497,6.858505285182421,0.4913080415506636,2.809754953612008,1.4441648855198976,297.89499500434545
16.607144906743184,498,6.706550377666403,0.37120643815570936,2.075868250148334,1.4775116937716082,297.94426659229697
16.640492587278814,499,6.54227480197341,0.4533304912393612,2.473026718823767,1.5012664644499591,297.9943303467523
16.673840267814445,500,6.226044318764401,0.5991215111951552,3.110371158274181,1.5247531886526335,298.0451773289832
16.70718794835007,501,6.287647659649273,0.48380053210350094,2.536527845136509,1.5373445619379744,298.0964442043079
16.740535628885702,502,6.069982521856058,0.3713299953930143,1.8794577535737138,1.5491319107924553,298.14810416037653
16.77388330942133,503,5.527873122069185,0.5004908429653218,2.3069559272527744,1.5476497266257683,298.1997146890411
16.80723098995696,504,5.42109399786874,0.3524545721571325,1.5932179171608851,1.5667844295410422,298.25196331566565
16.840578670492587,505,3.490855983476082,0.35389894856674126,1.030140115968135,1.5759003256168502,298.3045159362803
16.873926351028217,506,3.1746255002670725,0.15868336317570256,0.42005774073305513,1.6233645269921746,298.35865137791933
16.907274031563844,507,2.8378605700964386,0.2903641041091213,0.6870986186913446,1.6579527508006098,298.4139402565962
16.940621712099475,508,2.6982263307573953,0.3908093547416224,0.8792824849115051,1.7074627515904988,298.4708801789628
16.9739693926351,509,1.7002522084224683,0.41790710512236223,0.5924861434497595,1.7675952078661803,298.529825379271
17.007317073170732,510,1.6961453190301434,0.4275538030146761,0.6046985500492535,1.8172741978826008,298.59042725866766
17.04066475370636,511,2.895357021588986,0.5012867362412159,1.2102453771414274,1.8479597323935417,298.6520524294662
17.07401243424199,512,2.895357021588986,0.31229452154709064,0.753965692056715,1.9065821614547156,298.71563252230135
17.10736011477762,513,3.014456813966405,0.6110652559760862,1.5359665329998347,1.9519440463419875,298.7807253287822
17.140707795313247,514,3.2115875047979956,0.48853689286685525,1.3082845745371068,2.0022745445637864,298.84749654063893
17.174055475848878,515,3.490855983476082,0.9058354856825169,2.6367342317578566,2.0482588808880506,298.91580122345306
17.207403156384505,516,3.4621077577298087,0.453478913813836,1.309129996784849,2.1354475473286456,298.98701344606195
17.240750836920135,517,3.343007965352389,0.40427984742369877,1.1269498753297436,2.207766486452373,299.06063733754945
17.274098517455762,518,3.8070864666850923,0.5862681972402262,1.8611191251600383,2.2992495565873066,299.1373119772342
17.307446197991393,519,3.6428108909921,0.36339390310665215,1.1038227946040222,2.4714572140184816,299.2197293428648
17.34079387852702,520,3.8111933560774167,0.5743616694704664,1.8252885405327706,2.6230113641834105,299.3072006878789
17.37414155906265,521,3.724948678838596,0.5856875470702894,1.819162014447488,2.7877150281343743,299.4001645180615
17.407489239598277,522,4.090461834755503,0.5967403109341619,2.035367410605139,2.9406267233859245,299.4982275986075
17.440836920133908,523,4.127423839286426,0.41278618207600326,1.42065725834328,2.9755206563303216,299.597454310882
17.474184600669535,524,4.299913193764068,0.4651741267149439,1.6678628469140935,2.9977660177930257,299.6974228543639
17.507532281205165,525,4.534005889126582,0.26703677308754153,1.009574207005204,3.040189831521576,299.79880613363315
17.540879961740792,526,4.961122385928362,0.3669289522058267,1.5179134767444349,3.074733030064127,299.9013413484521
17.574227642276423,527,4.969336164713011,0.2820375166865046,1.168665851887878,3.1534554500026064,300.0065017733821
17.607575322812053,528,8.616253945097435,0.43841428573704644,3.1498384701544353,3.386413374565291,300.11943080475874
17.64092300334768,529,9.314425141792652,0.442326243131074,3.4354517929538937,3.557977629457811,300.2380811060988
17.67427068388331,530,8.981767101014343,0.44392863997331594,3.324758073063241,3.7376770214319848,300.36272396535486
17.707618364418938,531,9.46638004930867,0.5066857136931257,3.9995183236452645,3.876809858256183,300.49200658200533
17.74096604495457,532,9.811358758263953,0.4093126078657926,3.3486470409992006,3.982255974742467,300.62480558206215
17.774313725490195,533,9.811358758263953,0.5314690033497711,4.348026596907425,4.063718408466558,300.76032116533446
17.807661406025826,534,9.8852827673258,0.5269435119848588,4.343484276756276,4.1094999332765205,300.89736345627057
17.841009086561453,535,9.8852827673258,0.5770279706657849,4.756319910638609,4.241238679353108,301.038798928825
17.874356767097083,536,9.938672329426023,0.4580990473497025,3.796407795031352,4.3720816852923825,301.1845977121418
17.90770444763271,537,9.959206776387646,0.3847866380012925,3.1954338186581834,4.546777923645512,301.33622220980595
17.94105212816834,538,10.599881521590316,0.546517756488172,4.830481055720077,4.6569278918534405,301.49151995342095
17.974399808703968,539,11.532145413648045,0.5301807440000805,5.098226846090205,4.790686835162673,301.6512782475462
18.0077474892396,540,11.388404284916678,0.5806263980266383,5.513720515899584,4.867636156188002,301.81360262304645
18.04109516977523,541,11.667672763594764,1.0037599621378102,9.765606129676808,4.901150664645284,301.97704462966806
18.074442850310856,542,11.988010136196099,0.9633413160709309,9.62969171103382,4.960830582410446,302.1424768231216
18.107790530846486,543,12.661539996537368,0.8986315844320356,9.48753312794171,5.035287643613323,302.31039198686585
18.141138211382113,544,12.546547093552272,0.8941090898667171,9.354053005143525,5.24465455004071,302.4852890513203
18.174485891917744,545,12.28781306183581,0.4568163766262814,4.680598140772046,5.381826569980641,302.6647604844742
18.20783357245337,546,10.940753341153274,0.38776857508895923,3.537569110958186,5.50710542427402,302.8484096768389
18.241181252989,547,11.203594262262062,0.4055348584968153,3.7885293713584978,5.578830245911922,303.0344507256421
18.27452893352463,548,11.174846036515788,0.41439846025744626,3.8613998616675462,5.639853366552559,303.22252675397766
18.30787661406026,549,10.52595751252847,0.5851338275994045,5.1357268143924815,5.680888339686678,303.4119712034881
18.341224294595886,550,10.263116591419681,1.3453443322225382,11.513246721288914,5.790793963857279,303.60508075064246
18.374571975131516,551,10.234368365673408,0.9538986435347435,8.14044921089647,5.79515082065751,303.79833558886554
18.407919655667143,552,10.053665232411117,1.0465666525079977,8.773571257529177,5.943046751563734,303.99652241334496
18.441267336202774,553,9.519769611408893,0.8995027621734001,7.140260142000431,6.006779664029388,304.1968345826289
18.474615016738404,554,8.858560419244599,0.7225944736357978,5.337561385332533,6.089328501098613,304.3998995641601
18.50796269727403,555,8.238420121003553,0.6216565531998116,4.270508067633347,6.107229579418411,304.60356150513223
18.541310377809662,556,7.667562495470406,0.5115172835895195,3.270413993589724,6.094480986700142,304.8067983101072
18.57465805834529,557,7.729165836355278,1.0368175774619943,6.682209265503157,6.138896535189298,305.0115162706039
18.60800573888092,558,7.076170422975635,1.258197562025161,7.423901800267171,6.088406731369859,305.2145505132526
18.641353419416546,559,8.43144392244282,1.304259667694592,9.169615300427925,6.062622687891405,305.41672491785647
18.674701099952177,560,8.497154152720016,1.07172267923844,7.593482801114686,6.067896231940387,305.6190751829226
18.708048780487804,561,9.104973782784088,0.9652468756396443,7.328282445700293,6.010430566429485,305.81950910133344
18.741396461023434,562,8.981767101014343,0.6128222309811576,4.589669321469552,5.956405684898603,306.01814141525404
18.77474414155906,563,8.862667308636924,0.4559177822183632,3.3692720057377183,5.908668463942472,306.21518180358055
18.808091822094692,564,8.119320328626134,0.5597161883638851,3.789419094036292,5.77101985871235,306.40763193019365
18.84143950263032,565,8.710712401120906,0.7125960972614269,5.175856294662224,5.619551889661775,306.59503095136347
18.87478718316595,566,10.115268573295989,1.3326920063268504,11.2406728036799,5.535088861838338,306.77961332646436
18.90813486370158,567,10.287757927773631,0.9568354261420449,8.208108307902075,5.470856225277621,306.9620536921213
18.941482544237207,568,10.603988410982641,0.7982519191636169,7.058205701545311,5.445635460659981,307.1436530037769
18.974830224772838,569,10.587560853413342,0.5545162146039178,4.895479820619683,5.46047166263462,307.3257470683563
19.008177905308465,570,10.456140392858948,0.4307492418247523,3.7556146358339078,5.464491418732881,307.5079751824779
19.041525585844095,571,10.074199679372741,0.40051910691728065,3.364487267779778,5.442296495445914,307.6894631473882
19.074873266379722,572,10.111161683903664,0.7252187791395119,6.114418939564914,5.404471094651312,307.8696897229167
19.108220946915353,573,9.367814703892876,0.4283405439026217,3.3458970261648817,5.350879233840178,308.0481291341915
19.14156862745098,574,10.83397421695283,1.1169953307013745,10.09076868373389,5.3581482763936075,308.2268109511752
19.17491630798661,575,9.425311155385423,0.7879560496836276,6.192739134017743,5.3895906299129965,308.40654129771934
19.208263988522237,576,10.80933288059888,0.8558700080449215,7.714215991760377,5.46497119145162,308.58878541114825
19.241611669057868,577,10.033130785449494,0.49655272432078645,4.154195565390111,5.508639043105072,308.77248574614384
19.274959349593495,578,8.74767440565183,0.5174439407536818,3.7743399245852483,5.602388263311454,308.9593124001853
19.308307030129125,579,8.665536617805333,0.8777246145526271,6.342183958768349,5.701067947285891,309.1494297928033
19.341654710664756,580,6.571023027719685,0.45340075404064734,2.484278738763865,5.755060382157668,309.34134770789075
19.375002391200383,581,6.295861438433922,0.5021412290983557,2.6361258385009614,5.7962747435911,309.5346400263368
19.408350071736013,582,5.979630955224913,0.6884649759920506,3.4327433008623482,5.82997205024271,309.7290560717999
19.44169775227164,583,6.061768743071409,0.4440585147881428,2.2445261077294707,5.984771392248413,309.92863431626733
19.47504543280727,584,5.864638052239818,0.5453987758182371,2.6671071772005,6.1357420366279545,310.13324708155386
19.508393113342898,585,5.527873122069185,0.7301503773466704,3.3655455728736725,6.410037958771362,310.3470069796242
19.541740793878528,586,5.577155794777082,0.7679676393769984,3.571418894321329,6.756586726245511,310.5723234752823
19.575088474414155,587,5.347169988806893,0.6310421650518421,2.8136331037579843,6.991894606405001,310.8054869429555
19.608436154949786,588,6.5340610231887615,1.0437387266210754,5.686696875886993,7.206966103102639,311.0458225461929
19.641783835485413,589,6.587450585288984,1.1767140951033213,6.463584359911291,7.208050097109432,311.2861942981161
19.675131516021043,590,6.4149612308113415,0.6628548126312782,3.5456637329782037,7.359400342200844,311.5316132296616
19.70847919655667,591,6.488885239873189,0.777197296158278,4.205198199816973,7.483271974587623,311.78116299283136
19.7418268770923,592,5.683934918977527,0.837515177495226,3.9694183957802247,7.84309107209263,312.04271188831535
19.775174557627928,593,3.712628010661622,0.9246948314935511,2.8626283137540853,8.198032958699455,312.3160972724426
19.808522238163558,594,3.8029795772927675,1.082775848075231,3.4335837786353527,8.607397457588686,312.6031340131015
19.84186991869919,595,8.50947482089699,1.2827159993933848,9.101612984787877,8.98239191999982,312.9026759492955
19.875217599234816,596,7.975579199894767,1.2732414149912532,8.467556125800815,9.438179380150327,313.21741734010266
19.908565279770446,597,9.69636585527886,1.2601295258281329,10.188477165901672,9.834635609559438,313.5453796265946
19.941912960306073,598,10.583453964021016,1.1934774630795628,10.532385411238513,10.296905499754766,313.88875754170596
19.975260640841704,599,9.918137882464398,0.8830049754368325,7.30261470973785,10.743699260552242,314.24703499241775
20.00860832137733,600,9.934565440033698,1.0247878569305557,8.489222976920512,11.305881389080174,314.6240599131545
20.04195600191296,601,10.176871914180861,0.9086806634157495,7.7109997724394415,11.89034394109921,315.02057530436105
20.075303682448588,602,9.737434749202107,1.122219481344551,9.111868834733068,12.437784973975448,315.435346584244
20.10865136298422,603,10.718981313967735,1.0381053103468916,9.278548064771703,13.215908069399534,315.8760664645306
20.141999043519846,604,13.363818082624908,0.9589573222435942,10.685994099750308,13.893567582222676,316.3393847177627
20.175346724055476,605,18.090847773190756,0.9651638561914389,14.559453191371336,14.49474509927752,316.8227508467788
20.208694404591103,606,17.43374547041879,0.971447253999134,14.121961442779668,15.504932926623132,317.3398043967421
20.242042085126734,607,20.653546754001432,0.9832270252455362,16.93298581792287,16.294490858401538,317.88318787237887
20.275389765662364,608,23.84049292244548,0.9539571216241137,18.963966542074427,16.91498458942495,318.44726337473213
20.30873744619799,609,23.725500019460384,0.7267855383649631,14.378273701213354,17.43704449713612,319.02874836410814
20.342085126733622,610,25.306652435505434,0.703924007193754,14.854073646055905,18.07752097522845,319.63159175846624
20.37543280726925,611,23.828172254268505,0.5681945393875506,11.289452533985557,18.518819920028587,320.24915144905617
20.40878048780488,612,24.9370323901962,0.722282968467214,15.018869337015667,19.20605613069598,320.88962887325204
20.442128168340506,613,26.00482363220065,0.5825696605740246,12.632429158950403,19.747244057109167,321.54815365952754
20.475475848876137,614,26.32105411540966,0.9608009209558422,21.087339208344947,20.28811880477586,322.22471536409813
20.508823529411764,615,26.744063722819114,0.8846481125546328,19.727999533141116,20.69775123829425,322.9149373601986
20.542171209947394,616,28.284147244940915,0.9237343977210429,21.785889717795094,21.295145462552604,323.6250810680436
20.57551889048302,617,28.20200945709442,0.9775931230038507,22.989169748065983,22.036814698699306,324.3599577246386
20.608866571018652,618,26.982263307573955,1.0603279562425443,23.856332732937684,22.64334883257538,325.1150608877642
20.64221425155428,619,26.21838188060154,1.277615446484805,27.931299007143902,23.269818927688828,325.89105537548664
20.67556193208991,620,26.403191903256158,1.2261396628465382,26.99488419280746,23.75575666879022,326.6832547597596
20.70890961262554,621,29.130166459759824,1.1453231863207691,27.819935227646834,24.16293967248828,327.4890327527595
20.742257293161167,622,29.709237864077622,1.1888962474411233,29.452391349147003,24.490485367567075,328.30573363495955
20.775604973696797,623,29.429969385399538,1.2255554489149223,30.07515476544184,24.743762392502585,329.13088071847426
20.808952654232424,624,26.473009022925677,1.4033027603441939,30.97703043819916,24.97402027218422,329.9637063682013
20.842300334768055,625,27.080828652989748,1.6606653176296382,37.499818032847614,25.202210842127048,330.8041416441562
20.875648015303682,626,27.746144734546366,1.4320040009940544,33.1308039155424,25.503356855742595,331.6546194411676
20.908995695839312,627,26.657819045580293,1.3714718889834443,30.48573156833027,25.533129964285656,332.50609010229135
20.94234337637494,628,27.91863408902401,2.049114530702007,47.702978338282044,25.549033173908324,333.358091098569
20.97569105691057,629,27.495624481614556,1.6660307228266393,38.19721410722886,25.71073873628668,334.21548460028174
21.009038737446197,630,27.590082937638023,1.3599922026693363,31.28776346892722,25.870590848580306,335.0782087991681
21.042386417981827,631,28.44842282063391,1.14090776659499,27.064114741323937,25.835779237225587,335.9397721115602
21.075734098517454,632,30.17742325480265,1.257192014269579,31.635074617912693,25.938720725803847,336.8047682838272
21.109081779053085,633,30.53472263193491,1.0032966731195314,25.545149391893183,25.953193501117376,337.67024708958184
21.142429459588715,634,32.24729550853435,1.3904902271621151,37.38921383994396,26.00730915040678,338.53753052672096
21.175777140124342,635,31.98856147681789,1.0459494737808506,27.89912042157167,25.974367315437124,339.4037154300712
21.209124820659973,636,30.99058735448296,1.1046087480345277,28.544561844818244,26.061343570385194,340.2728007897857
21.2424725011956,637,29.725665421646923,0.9038307887434587,22.402877904107648,25.99554019541684,341.1396917595735
21.27582018173123,638,31.154862930175952,1.1450077124175884,29.74536840538015,25.94544314900957,342.00491210906205
21.309167862266857,639,32.38282285848107,1.3631720500220665,36.80869940523686,25.689663611995098,342.8616028042626
21.342515542802488,640,32.16515772068785,1.3569963750105796,36.39564900921134,25.48021634694731,343.71130891897934
21.375863223338115,641,35.16318697708496,1.2502701361592456,36.65871040590584,25.269510416276248,344.553988479633
21.409210903873745,642,35.79564794350298,1.0739637183724873,32.05567551546429,24.94408376556022,345.3858158163009
21.442558584409372,643,36.60059826439864,0.9454904338204888,28.85562057765123,24.555109714419608,346.20467177057463
21.475906264945003,644,34.88391849840687,0.7577815175578078,22.042170988283484,24.262497077955413,347.013769772127
21.50925394548063,645,35.150866308907986,0.6784867267717082,19.886689099018497,23.770919290654355,347.8064747946699
21.54260162601626,646,33.93112015938752,0.6387596124597351,18.072604358113054,23.336688023312117,348.584699211631
21.575949306551887,647,33.04813894003769,0.7032854458965323,19.38044448216046,22.817698065236034,349.34561651726887
21.609296987087518,648,33.278124746007876,0.8227430613571626,22.830118677471177,22.100003427369813,350.08260037140116
21.64264466762315,649,33.85308926093335,0.42602000858475625,12.025783984188136,21.48247173690877,350.7989909759993
21.675992348158776,650,32.02552348134881,0.5720087363191547,15.275097624391641,20.92030424195938,351.4966345985683
21.709340028694406,651,32.97421493097584,0.7782660196890797,21.398711749805372,20.113780107895803,352.1673825119703
21.742687709230033,652,32.45263997815059,0.8915714485674713,24.126330871136062,19.569906763742118,352.81999351083954
21.776035389765664,653,33.79148592004848,0.6174375858365909,17.3974440311122,19.015111879490654,353.45410338714606
21.80938307030129,654,32.65798444776683,0.6981074621660165,19.01064068723515,18.62985640647086,354.0753658870137
21.84273075083692,655,33.12616983849186,0.5613389958411981,15.505348535164837,18.08803826538222,354.6785600086039
21.876078431372548,656,32.341753964557824,0.5089238775194546,13.724656752008322,17.60499122311336,355.2656456317448
21.90942611190818,657,31.65590343603958,0.5128214178775986,13.536486763381378,16.948083842335688,355.8308249174101
21.942773792443806,658,31.002908022659934,0.6400515570629802,16.546360631613545,16.49771064338384,356.3809853015149
21.976121472979436,659,30.464905512265386,0.7135452727868128,18.126187334768925,15.997876188538221,356.91447736589885
22.009469153515063,660,28.674301737211774,0.73081129314897,17.47363244481399,15.60669655007734,357.4349244966673
22.042816834050694,661,26.526398585025902,0.4645716485047227,10.275810552143922,15.265711062439802,357.94400055232677
22.076164514586324,662,25.212193979481963,0.6451986008625551,13.564042820915372,14.670219276782568,358.43321833815656
22.10951219512195,663,21.980072027722343,0.7842969573796467,14.374565852740018,14.164204464546186,358.90556170368154
22.14285987565758,664,23.09714594243469,0.6899010099595471,13.287099724922598,13.467967863042423,359.35468719344243
22.17620755619321,665,18.977935881932915,0.5997638387405151,9.491051891479891,12.983876320862949,359.78766935310466
22.20955523672884,666,22.115599377669064,0.7945550023890875,14.652366586757969,12.492370003844965,360.2042609171258
22.242902917264466,667,20.509805625270065,0.4286864312719502,7.33139092059946,12.141228210440687,360.6091427167977
22.276250597800097,668,21.483138411251044,0.5880866471342615,10.534747735041082,11.904143930206882,361.0061183056324
22.309598278335724,669,18.645277841154606,0.4902780739281217,7.622482324775378,11.617964897737018,361.3935504875163
22.342945958871354,670,17.441959249203435,0.3577833678023397,5.203559328867822,11.283547095036221,361.7698306113503
22.37629363940698,671,13.901820593019456,0.4608262159746078,5.341877844795507,10.857206880642318,362.1318932779152
22.40964131994261,672,12.870991355545932,0.48341390445861415,5.18819429560758,10.752960732271921,362.4904795772272
22.44298900047824,673,15.807417271058165,0.8655985104666866,11.409392305421232,10.534178932456316,362.84177001097186
22.47633668101387,674,19.396838599950044,0.8484578697199657,13.722913620313083,10.19652222791001,363.18180037680264
22.5096843615495,675,16.472733352614785,0.460260063835138,6.321993677611336,9.879935667836692,363.51127331516625
22.543032042085127,676,16.189357984544372,0.7205959322850942,9.727618455433241,9.705109891946563,363.834916219406
22.576379722620757,677,15.19549075160177,0.5724444061844206,7.253258268923788,9.483549634915883,364.15117060297496
22.609727403156384,678,13.75807946428809,0.33193858338148013,3.80803248979443,9.336676491007372,364.46252710786155
22.643075083692015,679,14.205730408051492,0.6608810961204528,7.828381704948748,9.226976984482347,364.7702253886497
22.67642276422764,680,13.790934579426688,0.6637096699640442,7.632326468738496,9.116476733741347,365.07423874237696
22.709770444763272,681,14.764267365407665,0.4915896597178935,6.052011376765391,8.920953473271027,365.37173184887683
22.7431181252989,682,14.296081974682638,0.4026433113644631,4.799794173367977,8.672163368906219,365.6609283824559
22.77646580583453,683,15.50350745602613,1.113982170201724,14.401021461691013,8.427678116797669,365.94197189995197
22.809813486370157,684,14.723198471484418,0.8154829498656524,10.011569050661388,8.374874332930633,366.2212545337326
22.843161166905787,685,15.068177180439701,1.0844015713575539,13.624982458574042,8.222251730342848,366.49544755771956
22.876508847441414,686,15.860806833158389,0.40286450757231607,5.3280633382365075,8.035817969058083,366.76342344819415
22.909856527977045,687,17.942999755067063,0.6865245887523826,10.271556117388043,7.871715414187317,367.02592689909386
22.943204208512675,688,18.54671249573881,0.43568079953461913,6.737836311841845,7.819478753629492,367.28668837852507
22.976551889048302,689,20.041620234545036,0.3734407142420248,6.240790285090933,7.591715825858543,367.53985449260307
23.009899569583933,690,18.357795583691868,0.6021798261751711,9.217896488497377,7.600692546729546,367.79331995950093
23.04324725011956,691,16.94091874333981,0.3677271538273539,5.194547896969142,7.495904861432706,368.0432910001455
23.07659493065519,692,12.90384647068453,0.4025764908329806,4.33164336062461,7.491216807234829,368.2931057050563
23.109942611190817,693,13.840217252134584,0.31582519693875,3.6448090297455313,7.579203633325867,368.5458545665349
23.143290291726448,694,12.994198037315675,0.6769369359115244,7.334707307520215,7.668696664867082,368.80158781303953
23.176637972262075,695,11.786772555972183,0.5524756775616099,5.42991663268951,7.772050930252895,369.06076768456825
23.209985652797705,696,11.565000528786644,0.6433573104959402,6.204160045221589,7.6139056530716624,369.3146737779153
